-- Insert mock data into categories table
INSERT INTO categories (id, name) VALUES
('10000000-0000-0000-0000-000000000001', 'Technology'),
('10000000-0000-0000-0000-000000000002', 'Lifestyle'),
('33333333-3333-3333-3333-333333333333', 'Category 1'),
('44444444-4444-4444-4444-444444444444', 'Category 2');

-- Insert mock data into posts table
INSERT INTO posts (id, user_id, title, body, category_id) VALUES
('20000000-0000-0000-0000-000000000001', '00000000-0000-0000-0000-000000000001', 'Exploring Postgres', 'Content about Postgres and its features.', '10000000-0000-0000-0000-000000000001'),
('20000000-0000-0000-0000-000000000002', '00000000-0000-0000-0000-000000000002', 'Daily Lifestyle Tips', 'Content on lifestyle improvements.', '10000000-0000-0000-0000-000000000002'),
('55555555-5555-5555-5555-555555555555', '11111111-1111-1111-1111-111111111111', 'Post 1', 'This is the body of post 1', '33333333-3333-3333-3333-333333333333'),
('66666666-6666-6666-6666-666666666666', '22222222-2222-2222-2222-222222222222', 'Post 2', 'This is the body of post 2', '44444444-4444-4444-4444-444444444444');

-- Insert mock data into comments table
INSERT INTO comments (id, user_id, post_id, body) VALUES
('30000000-0000-0000-0000-000000000001', '00000000-0000-0000-0000-000000000002', '20000000-0000-0000-0000-000000000001', 'Great article on Postgres!'),
('30000000-0000-0000-0000-000000000002', '00000000-0000-0000-0000-000000000001', '20000000-0000-0000-0000-000000000002', 'Love these tips, thanks for sharing.'),
('77777777-7777-7777-7777-777777777777', '11111111-1111-1111-1111-111111111111', '55555555-5555-5555-5555-555555555555', 'This is a comment on post 1'),
('88888888-8888-8888-8888-888888888888', '22222222-2222-2222-2222-222222222222', '66666666-6666-6666-6666-666666666666', 'This is a comment on post 2');

-- Insert mock data into tags table
INSERT INTO tags (id, name) VALUES
('40000000-0000-0000-0000-000000000001', 'Database'),
('40000000-0000-0000-0000-000000000002', 'Health'),
('99999999-9999-9999-9999-999999999999', 'Tag 1'),
('aaaaaaaa-aaaa-aaaa-aaaa-aaaaaaaaaaaa', 'Tag 2');

-- Insert mock data into post_tags table
INSERT INTO post_tags (id, post_id, tag_id) VALUES
('50000000-0000-0000-0000-000000000001', '20000000-0000-0000-0000-000000000001', '40000000-0000-0000-0000-000000000001'),
('50000000-0000-0000-0000-000000000002', '20000000-0000-0000-0000-000000000002', '40000000-0000-0000-0000-000000000002'),
('bbbbbbbb-bbbb-bbbb-bbbb-bbbbbbbbbbbb', '55555555-5555-5555-5555-555555555555', '99999999-9999-9999-9999-999999999999'),
('cccccccc-cccc-cccc-cccc-cccccccccccc', '66666666-6666-6666-6666-666666666666', 'aaaaaaaa-aaaa-aaaa-aaaa-aaaaaaaaaaaa');